{
  "Decision Tree": {
    "accuracies": [
      0.883,
      0.928,
      0.911,
      0.902,
      0.91
    ],
    "precisions": [
      0.903629110007676,
      0.9292939537080774,
      0.9126766352286478,
      0.9078767311808286,
      0.9090570136691543
    ],
    "recalls": [
      0.883,
      0.928,
      0.911,
      0.902,
      0.91
    ],
    "f1s": [
      0.8862859059584732,
      0.9279384920634921,
      0.9114713788946347,
      0.9029531673451595,
      0.9093042816426352
    ]
  },
  "Random Forest": {
    "accuracies": [
      0.898,
      0.905,
      0.91,
      0.916,
      0.914
    ],
    "precisions": [
      0.8996150434240019,
      0.9058297863056924,
      0.9088534717114487,
      0.9161881858360897,
      0.914713530153756
    ],
    "recalls": [
      0.898,
      0.905,
      0.91,
      0.916,
      0.914
    ],
    "f1s": [
      0.8980250132128633,
      0.905119907928668,
      0.909166989814017,
      0.9157606626645789,
      0.9136870022935999
    ]
  },
  "SVM": {
    "accuracies": [
      0.859,
      0.884,
      0.871,
      0.868,
      0.869
    ],
    "precisions": [
      0.8660728772223376,
      0.8893686480274421,
      0.8720387969554279,
      0.8727801821659302,
      0.8695201879266813
    ],
    "recalls": [
      0.859,
      0.884,
      0.871,
      0.868,
      0.869
    ],
    "f1s": [
      0.8598116198699153,
      0.8842355843067666,
      0.8708306421996151,
      0.868765332064775,
      0.8684831291323779
    ]
  },
  "Logistic Regression": {
    "accuracies": [
      0.813,
      0.818,
      0.828,
      0.808,
      0.824
    ],
    "precisions": [
      0.8157605586822194,
      0.8218138664499212,
      0.8260057908058973,
      0.8093478340797369,
      0.824587938157069
    ],
    "recalls": [
      0.813,
      0.818,
      0.828,
      0.808,
      0.824
    ],
    "f1s": [
      0.8136323753402487,
      0.8189486309671284,
      0.8268796975694834,
      0.8083581172104904,
      0.823847329678111
    ]
  },
  "Naive Bayes": {
    "accuracies": [
      0.789,
      0.791,
      0.787,
      0.797,
      0.8
    ],
    "precisions": [
      0.7890330375675382,
      0.7874584896463389,
      0.7829466799962436,
      0.7928749803310724,
      0.7951598279551272
    ],
    "recalls": [
      0.789,
      0.791,
      0.787,
      0.797,
      0.8
    ],
    "f1s": [
      0.7886356764932192,
      0.7889937186329571,
      0.7845168974690484,
      0.7945734947567863,
      0.7970046630130994
    ]
  },
  "1D CNN": {
    "accuracies": [
      0.908,
      0.926,
      0.925,
      0.928,
      0.921
    ],
    "precisions": [
      0.9104241688651015,
      0.9269049610582842,
      0.9250494911542458,
      0.9275267960035751,
      0.9212275448697886
    ],
    "recalls": [
      0.908,
      0.926,
      0.925,
      0.928,
      0.921
    ],
    "f1s": [
      0.9083894357637758,
      0.9262414044978459,
      0.9248821979439426,
      0.9276759960179413,
      0.9210600878254809
    ]
  },
  "VGG16-1D": {
    "accuracies": [
      0.885,
      0.881,
      0.909,
      0.899,
      0.89
    ],
    "precisions": [
      0.8862811244181339,
      0.8895202656438697,
      0.9082141778263274,
      0.8973429139405477,
      0.8933363358949171
    ],
    "recalls": [
      0.885,
      0.881,
      0.909,
      0.899,
      0.89
    ],
    "f1s": [
      0.8851530936854877,
      0.8794759682925811,
      0.9082670501036991,
      0.8978760423921349,
      0.8902235039971292
    ]
  },
  "VGG19-1D": {
    "accuracies": [
      0.882,
      0.905,
      0.892,
      0.9,
      0.885
    ],
    "precisions": [
      0.8809474103516656,
      0.9050106947428029,
      0.8919576380865148,
      0.9002056786308476,
      0.8851462565723969
    ],
    "recalls": [
      0.882,
      0.905,
      0.892,
      0.9,
      0.885
    ],
    "f1s": [
      0.8812702563062509,
      0.9048859661252412,
      0.8916494951113315,
      0.8989129787862438,
      0.8844896992384149
    ]
  },
  "ResNet50-1D": {
    "accuracies": [
      0.887,
      0.879,
      0.895,
      0.867,
      0.872
    ],
    "precisions": [
      0.887436316693657,
      0.8801945495331384,
      0.8979445497053766,
      0.86926828156861,
      0.877679879574815
    ],
    "recalls": [
      0.887,
      0.879,
      0.895,
      0.867,
      0.872
    ],
    "f1s": [
      0.8869499875289516,
      0.8793606113592702,
      0.8957976284366568,
      0.8678299871862084,
      0.8726919206963639
    ]
  }
}