Feature,Importance
TotalVehicles,0.5488158930182212
VehicleDensity,0.21192930124226808
IsRushHour,0.09266181418517655
Weather_enc,0.07892648609738978
Weather_Hour,0.03399220783786252
Junction_enc,0.014115743603742695
HourCos,0.01147287610889265
IsWeekend,0.005957567099695128
BusCount,0.0012556867409496825
Temperature,0.0007747895735446138
